Nexon Ev,https://imgd.aeplcdn.com/664x374/n/cw/ec/149123/nexon-ev-exterior-right-front-three-quarter-78.jpeg?isig=0&q=80
Alto K10,https://imgd.aeplcdn.com/664x374/n/cw/ec/127563/alto-k10-exterior-right-front-three-quarter-58.jpeg?isig=0&q=80
S-Presso,https://imgd.aeplcdn.com/664x374/n/cw/ec/126463/s-presso-exterior-right-front-three-quarter-3.jpeg?isig=0&q=80
Yaris,https://imgd.aeplcdn.com/664x374/n/cw/ec/32943/yaris-exterior-right-front-three-quarter-2.jpeg?q=80
Nexon,https://imgd.aeplcdn.com/664x374/n/cw/ec/141867/nexon-exterior-right-front-three-quarter-71.jpeg?isig=0&q=80
Micra,https://imgd.aeplcdn.com/664x374/cw/ec/35639/Nissan-Micra-Active-Exterior-133308.jpg?wm=0&q=80
Carnival,https://imgd.aeplcdn.com/664x374/n/cw/ec/138947/new-carnival-exterior-right-front-three-quarter-2.jpeg?isig=0&q=80
Dzire Tour,https://imgd.aeplcdn.com/664x374/n/cw/ec/45691/dzire-exterior-right-front-three-quarter-3.jpeg?isig=0&q=80
Xcent Prime,https://imgd.aeplcdn.com/664x374/n/cw/ec/139133/aura-exterior-right-front-three-quarter-5.jpeg?isig=0&q=80
Tucson,https://imgd.aeplcdn.com/664x374/n/cw/ec/106821/tucson-exterior-right-front-three-quarter-7.jpeg?isig=0&q=80
Verna,https://imgd.aeplcdn.com/664x374/n/cw/ec/121943/verna-exterior-right-front-three-quarter-101.jpeg?isig=0&q=80
Xcent,https://imgd.aeplcdn.com/664x374/n/cw/ec/139133/aura-exterior-right-front-three-quarter-5.jpeg?isig=0&q=80
Scorpio,https://imgd.aeplcdn.com/664x374/n/cw/ec/128413/scorpio-exterior-right-front-three-quarter-47.jpeg?isig=0&q=80
Seltos,https://imgd.aeplcdn.com/664x374/n/cw/ec/174323/seltos-exterior-right-front-three-quarter.jpeg?isig=0&q=80
Xylo,https://imgd.aeplcdn.com/664x374/cw/ec/31432/Mahindra-Xylo-Exterior-109406.jpg?v=201711021421&q=80
Alto,https://imgd.aeplcdn.com/664x374/n/cw/ec/127563/alto-k10-exterior-right-front-three-quarter-58.jpeg?isig=0&q=80
Polo,https://imgd.aeplcdn.com/664x374/n/cw/ec/29628/polo-exterior-right-front-three-quarter-2.jpeg?q=80
Celerio X,https://imgd.aeplcdn.com/664x374/cw/ec/31393/Maruti-Suzuki-Celerio-X-Right-Front-Three-Quarter-153971.jpg?wm=0&q=80
I20 Active,https://imgd.aeplcdn.com/664x374/cw/ec/34288/Hyundai-i20-Active-Exterior-126611.jpg?wm=0&q=80
E2O Plus,https://imgd.aeplcdn.com/664x374/cw/ec/25867/Mahindra-e2o-Plus-Right-Front-Three-Quarter-84855.jpg?v=201711021421&q=80
Swift,https://imgd.aeplcdn.com/664x374/n/cw/ec/159099/swift-exterior-right-front-three-quarter.jpeg?isig=0&q=80
Xuv300,https://imgd.aeplcdn.com/664x374/n/cw/ec/156405/xuv-3xo-exterior-right-front-three-quarter-33.jpeg?isig=0&wm=0&q=80
Harrier,https://imgd.aeplcdn.com/664x374/n/cw/ec/139139/harrier-facelift-exterior-right-front-three-quarter-5.jpeg?isig=0&q=80
Wr-V,https://imgd.aeplcdn.com/664x374/n/cw/ec/134113/new-wr-v-exterior-left-front-three-quarter-2.jpeg?isig=0&q=80
S-Cross,https://imgd.aeplcdn.com/664x374/n/cw/ec/46482/s-cross-petrol-exterior-right-front-three-quarter.jpeg?q=80
Brv,https://imgd.aeplcdn.com/664x374/cw/ec/19810/Honda-BRV-Exterior-119023.jpg?wm=0&q=80
Kwid,https://imgd.aeplcdn.com/664x374/n/cw/ec/141125/kwid-exterior-right-front-three-quarter-3.jpeg?isig=0&q=80
Ameo,https://imgd.aeplcdn.com/664x374/cw/ec/21603/Volkswagen-Ameo-Exterior-119016.jpg?wm=0&q=80
Gypsy,https://imgd.aeplcdn.com/664x374/ec/26/0E/17998/img/m/Maruti-Suzuki-Gypsy-Right-Front-Three-Quarter-48817_ol.jpg?v=201711021421&q=80
Venue,https://imgd.aeplcdn.com/664x374/n/cw/ec/141113/venue-exterior-right-front-three-quarter-16.jpeg?isig=0&q=80
Amaze,https://imgd.aeplcdn.com/664x374/n/cw/ec/45951/amaze-exterior-right-front-three-quarter-3.jpeg?isig=0&q=80
Tuv300,https://imgd.aeplcdn.com/664x374/n/cw/ec/123643/bolero-neo-plus-exterior-right-front-three-quarter.png?isig=0&q=80
Glanza,https://imgd.aeplcdn.com/664x374/n/cw/ec/112839/glanza-exterior-right-front-three-quarter-5.jpeg?isig=0&q=80
Alto 800 Tour,https://imgd.aeplcdn.com/664x374/n/cw/ec/127563/alto-k10-exterior-right-front-three-quarter-58.jpeg?isig=0&q=80
Sunny,https://imgd.aeplcdn.com/664x374/ec/94/C0/9725/img/m/Nissan-Sunny-Right-Front-Three-Quarter-48975_ol.jpg?v=201711021421&q=80
Bolero Power Plus,https://imgd.aeplcdn.com/664x374/n/cw/ec/123643/bolero-neo-plus-exterior-right-front-three-quarter.png?isig=0&q=80
Kona Electric,https://imgd.aeplcdn.com/664x374/n/cw/ec/29580/kona-electric-exterior-right-front-three-quarter-162254.jpeg?isig=0&wm=1&q=80
Grand I10 Prime,https://imgd.aeplcdn.com/664x374/n/cw/ec/136183/grand-i10-nios-exterior-right-front-three-quarter-15.jpeg?isig=0&q=80
Duster,https://imgd.aeplcdn.com/664x374/n/cw/ec/47028/duster-exterior-right-front-three-quarter-4.jpeg?q=80
Xuv500,https://imgd.aeplcdn.com/664x374/n/cw/ec/42355/xuv700-exterior-right-front-three-quarter-3.jpeg?isig=0&q=80
Grand I10,https://imgd.aeplcdn.com/664x374/n/cw/ec/136183/grand-i10-nios-exterior-right-front-three-quarter-15.jpeg?isig=0&q=80
Zest,https://imgd.aeplcdn.com/664x374/cw/ec/13976/Tata-Zest-Exterior-118092.jpg?wm=0&q=80
Dmax V-Cross,https://imgd.aeplcdn.com/664x374/n/cw/ec/175515/v-cross-exterior-right-front-three-quarter.jpeg?isig=0&q=80
Baleno,https://imgd.aeplcdn.com/664x374/n/cw/ec/102663/baleno-exterior-right-front-three-quarter-66.jpeg?isig=0&q=80
Corolla Altis,https://www.carandbike.com/_next/image?url=https%3A%2F%2Fimages.carandbike.com%2Fcar-images%2Fcolors%2Ftoyota%2Fcorolla-altis%2Ftoyota-corolla-altis-super-white-ii.png%3Fv%3D1&w=640&q=75
Tigor Ev,https://imgd.aeplcdn.com/664x374/n/cw/ec/135723/tigor-ev-exterior-right-front-three-quarter-2.jpeg?isig=0&q=80
Tiago,https://imgd.aeplcdn.com/664x374/n/cw/ec/39345/tiago-exterior-right-front-three-quarter-28.jpeg?isig=0&q=80
Kuv100 Nxt,https://imgd.aeplcdn.com/664x374/n/cw/ec/21497/kuv100-nxt-exterior-right-front-three-quarter-64047.jpeg?q=80
Compass,https://imgd.aeplcdn.com/664x374/n/cw/ec/47051/compass-exterior-right-front-three-quarter-75.jpeg?isig=0&q=80
Rapid,https://imgd.aeplcdn.com/664x374/n/cw/ec/47562/rapid-tsi-exterior-right-front-three-quarter-53.jpeg?isig=0&q=80
Micra Active,https://imgd.aeplcdn.com/664x374/cw/ec/35639/Nissan-Micra-Active-Exterior-133308.jpg?wm=0&q=80
Tuv300 Plus,https://imgd.aeplcdn.com/664x374/n/cw/ec/123643/bolero-neo-plus-exterior-right-front-three-quarter.png?isig=0&q=80
Etios Liva,https://imgd.aeplcdn.com/664x374/cw/ec/24898/Toyota-Etios-Liva-Exterior-127727.jpg?wm=0&q=80
Nano Genx,https://imgd.aeplcdn.com/664x374/cw/ec/18712/Tata-Nano-GenX-Exterior-122442.jpg?wm=0&q=80
Thar,https://imgd.aeplcdn.com/664x374/n/cw/ec/40087/thar-exterior-right-front-three-quarter-35.jpeg?isig=0&q=80
E Verito,https://imgd.aeplcdn.com/664x374/n/cw/ec/10593/mahindra-veritovibecs-exterior12.jpeg?q=80
Platinum Etios,https://imgd.aeplcdn.com/664x374/cw/ec/24731/Toyota-Platinum-Etios-Exterior-119077.jpg?wm=0&q=80
Celerio Tour,https://imgd.aeplcdn.com/664x374/n/cw/ec/53695/celerio-exterior-right-front-three-quarter-5.jpeg?isig=0&q=80
Civic,https://imgd.aeplcdn.com/664x374/n/cw/ec/27074/civic-exterior-right-front-three-quarter-148156.jpeg?q=80
Lodgy,https://imgd.aeplcdn.com/664x374/cw/ec/10448/Renault-Lodgy-Right-Front-Three-Quarter-73220.jpg?v=201711021421&q=80
Tiago Nrg,https://imgd.aeplcdn.com/664x374/n/cw/ec/99113/tiago-nrg-exterior-right-front-three-quarter-6.jpeg?isig=0&q=80
Octavia,https://imgd.aeplcdn.com/664x374/n/cw/ec/40371/octavia-exterior-right-front-three-quarter-2.jpeg?q=80
Dzire,https://imgd.aeplcdn.com/664x374/n/cw/ec/45691/dzire-exterior-right-front-three-quarter-3.jpeg?isig=0&q=80
Kicks,https://imgd.aeplcdn.com/664x374/cw/ec/32596/Nissan-Kicks-Right-Front-Three-Quarter-159680.jpg?wm=0&q=80
Celerio,https://imgd.aeplcdn.com/664x374/n/cw/ec/53695/celerio-exterior-right-front-three-quarter-5.jpeg?isig=0&q=80
Innova Crysta,https://imgd.aeplcdn.com/664x374/n/cw/ec/140809/innova-crysta-exterior-right-front-three-quarter-2.png?isig=0&q=80
Vento,https://imgd.aeplcdn.com/664x374/cw/ec/26563/Volkswagen-Vento-Right-Front-Three-Quarter-169094.jpg?wm=0&q=80
Captur,https://imgd.aeplcdn.com/664x374/cw/ec/39217/Renault-Captur-Right-Front-Three-Quarter-153590.jpg?wm=0&q=80
Grand I10 Nios,https://imgd.aeplcdn.com/664x374/n/cw/ec/136183/grand-i10-nios-exterior-right-front-three-quarter-15.jpeg?isig=0&q=80
Bolt,https://imgd.aeplcdn.com/664x374/cw/ec/17402/Tata-Bolt-Right-Front-Three-Quarter-145389.jpg?wm=0&q=80
Bolero,https://imgd.aeplcdn.com/664x374/n/cw/ec/131179/bolero-exterior-right-front-three-quarter-2.jpeg?isig=0&q=80
Vitara Brezza,https://imgd.aeplcdn.com/664x374/n/cw/ec/107543/brezza-exterior-right-front-three-quarter-7.jpeg?isig=0&q=80
Ertiga,https://imgd.aeplcdn.com/664x374/n/cw/ec/115777/ertiga-exterior-right-front-three-quarter-5.jpeg?isig=0&q=80
Verito,https://imgd.aeplcdn.com/664x374/n/cw/ec/10593/mahindra-veritovibecs-exterior12.jpeg?q=80
Omni,https://imgd.aeplcdn.com/664x374/ec/9f/C9/10723/img/m/Maruti-Suzuki-Omni-Right-Front-Three-Quarter-48395_ol.jpg?v=201711021421&q=80
Santro,https://imgd.aeplcdn.com/664x374/n/cw/ec/32940/santro-exterior-right-front-three-quarter-138782.jpeg?q=80
Terrano,https://imgd.aeplcdn.com/664x374/cw/ec/28376/Nissan-Terrano-Front-view-93548.jpg?v=201711021421&q=80
Nuvosport,https://imgd.aeplcdn.com/664x374/cw/ec/22722/Mahindra-NuvoSport-Right-Front-Three-Quarter-70408.jpg?v=201711021421&q=80
Elite I20,https://imgd.aeplcdn.com/664x374/n/cw/ec/150603/i20-exterior-right-front-three-quarter-7.jpeg?isig=0&q=80
Baleno Rs,https://imgd.aeplcdn.com/664x374/n/cw/ec/102663/baleno-exterior-right-front-three-quarter-66.jpeg?isig=0&q=80
Jazz,https://imgd.aeplcdn.com/664x374/n/cw/ec/46891/jazz-exterior-right-front-three-quarter.jpeg?q=80
Aura,https://imgd.aeplcdn.com/664x374/n/cw/ec/139133/aura-exterior-right-front-three-quarter-5.jpeg?isig=0&q=80
Verito Vibe,https://imgd.aeplcdn.com/664x374/n/cw/ec/10593/mahindra-veritovibecs-exterior12.jpeg?q=80
